firstname;callname;lastname
M;M;Peterson
M1;M1;Peterson1
M2;M2;Peterson2
M3;M3;Peterson3
M4;M4;Peterson4
M5;M5;Peterson5
M6;M6;Peterson6
M7;M7;Peterson7
M8;M8;Peterson8
M9;M9;Peterson9
M10;M10;Peterson10
M11;M11;Peterson11
M12;M12;Peterson12
M13;M13;Peterson13
M14;M14;Peterson14
M15;M15;Peterson15
M16;M16;Peterson16
M17;M17;Peterson17
M18;M18;Peterson18
M19;M19;Peterson19
M20;M20;Peterson20
M21;M21;Peterson21
M22;M22;Peterson22
M23;M23;Peterson23
M24;M24;Peterson24
M25;M25;Peterson25
M26;M26;Peterson26
M27;M27;Peterson27
M28;M28;Peterson28
M29;M29;Peterson29
M30;M30;Peterson30
M31;M31;Peterson31
M32;M32;Peterson32
M33;M33;Peterson33
M34;M34;Peterson34
M35;M35;Peterson35
M36;M36;Peterson36
M37;M37;Peterson37
M38;M38;Peterson38
M39;M39;Peterson39
M40;M40;Peterson40
M41;M41;Peterson41
M42;M42;Peterson42
M43;M43;Peterson43
M44;M44;Peterson44
M45;M45;Peterson45
M46;M46;Peterson46
M47;M47;Peterson47
M48;M48;Peterson48
M49;M49;Peterson49
M50;M50;Peterson50
M51;M51;Peterson51
M52;M52;Peterson52
M53;M53;Peterson53
M54;M54;Peterson54
M55;M55;Peterson55
M56;M56;Peterson56
M57;M57;Peterson57
M58;M58;Peterson58
M59;M59;Peterson59
M60;M60;Peterson60
M61;M61;Peterson61
M62;M62;Peterson62
M63;M63;Peterson63
M64;M64;Peterson64
M65;M65;Peterson65
M66;M66;Peterson66
M67;M67;Peterson67
M68;M68;Peterson68
M69;M69;Peterson69
M70;M70;Peterson70
M71;M71;Peterson71
M72;M72;Peterson72
M73;M73;Peterson73
M74;M74;Peterson74
M75;M75;Peterson75
M76;M76;Peterson76
M77;M77;Peterson77
M78;M78;Peterson78
M79;M79;Peterson79
